mine,area_id,latitude,longitude,depth,ore_thickness,rock_density,moisture,iron_content,silica_content,geological_indicator_1,geological_indicator_2,historical_nearby_production,Mn_grade
Balaghat Mine,BAL-DH001,21.88147,80.17765,79.9,3.5,4.17,5.76,4.83,23.95,-0.091,0.126,22649,26.42
Balaghat Mine,BAL-DH002,21.85944,80.20889,135.1,3.47,4.02,6.6,11.66,7.12,0.407,0.399,18417,32.32
Balaghat Mine,BAL-DH003,21.89736,80.19323,42.7,2.2,4.29,5.3,10.93,22.34,0.115,0.956,33362,28.17
Balaghat Mine,BAL-DH004,21.88043,80.21949,141.7,8.46,3.45,2.94,4.76,12.5,-0.431,0.189,26624,30.66
Balaghat Mine,BAL-DH005,21.88128,80.19464,99.4,3.36,3.68,7.4,9.79,19.31,-0.542,0.742,18948,21.12
Balaghat Mine,BAL-DH006,21.8815,80.20425,163.6,9.88,4.21,2.94,7.0,7.61,-0.368,0.286,71175,46.3
Balaghat Mine,BAL-DH007,21.89332,80.19213,157.6,5.28,4.36,4.39,6.34,12.03,0.16,0.331,47167,38.0
Balaghat Mine,BAL-DH008,21.86047,80.22628,127.8,2.14,3.45,2.19,11.52,18.92,-0.09,0.156,33568,19.83
Balaghat Mine,BAL-DH009,21.89931,80.20286,222.1,10.07,3.41,6.04,9.1,19.95,-0.37,0.664,15474,29.67
Balaghat Mine,BAL-DH010,21.89719,80.22019,77.5,6.36,3.59,7.25,6.84,23.54,0.3,0.636,18240,32.35
Balaghat Mine,BAL-DH011,21.88763,80.20337,182.8,6.66,3.4,3.54,12.83,7.37,0.732,0.832,28603,40.21
Balaghat Mine,BAL-DH012,21.89685,80.18068,123.0,1.91,4.2,6.32,8.52,9.44,0.14,0.333,66453,33.99
Balaghat Mine,BAL-DH013,21.87066,80.18699,133.9,8.72,3.61,3.46,10.17,25.91,-0.061,0.555,16107,30.92
Balaghat Mine,BAL-DH014,21.87892,80.18791,68.7,1.93,4.06,2.94,12.17,24.2,-0.722,0.309,52822,24.24
Balaghat Mine,BAL-DH015,21.86021,80.18302,214.8,7.08,3.9,6.44,5.81,22.34,-0.676,0.479,36380,26.13
Balaghat Mine,BAL-DH016,21.88317,80.22561,43.9,5.35,3.76,6.93,5.81,11.72,-0.042,0.471,26663,34.35
Balaghat Mine,BAL-DH017,21.86199,80.22256,114.3,10.07,3.98,1.82,11.94,25.99,0.894,0.915,64863,44.62
Balaghat Mine,BAL-DH018,21.86019,80.19645,35.7,5.1,4.43,3.17,8.32,21.9,-0.089,0.942,74693,40.69
Balaghat Mine,BAL-DH019,21.87729,80.21232,55.4,4.26,4.42,5.15,11.11,17.3,-0.747,0.614,41691,32.24
Balaghat Mine,BAL-DH020,21.89754,80.18041,61.7,7.33,4.11,2.98,12.46,9.28,-0.407,0.623,49499,37.5
Balaghat Mine,BAL-DH021,21.87046,80.20558,130.5,10.83,3.61,6.01,7.76,11.54,0.359,0.364,29184,40.4
Balaghat Mine,BAL-DH022,21.87241,80.22632,227.2,1.95,3.62,3.17,12.37,24.73,0.733,0.425,18569,21.44
Balaghat Mine,BAL-DH023,21.89119,80.21158,148.7,11.37,4.09,1.55,6.84,22.52,0.344,0.926,16998,43.33
Balaghat Mine,BAL-DH024,21.87716,80.19002,147.3,8.59,3.61,5.5,8.64,12.02,0.78,0.845,14184,40.64
Balaghat Mine,BAL-DH025,21.87068,80.19023,24.5,9.14,4.07,3.15,9.24,21.08,-0.08,0.109,13041,37.58
Balaghat Mine,BAL-DH026,21.87678,80.21813,142.7,2.73,3.53,3.44,11.56,24.08,0.699,0.891,22075,24.37
Balaghat Mine,BAL-DH027,21.86198,80.18154,183.1,10.31,3.83,5.41,12.83,9.94,0.706,0.959,62322,46.54
Balaghat Mine,BAL-DH028,21.88633,80.19301,213.9,9.46,4.31,6.61,11.48,12.07,-0.655,0.868,65526,40.64
Balaghat Mine,BAL-DH029,21.86062,80.21723,117.8,4.34,4.24,2.93,5.83,7.45,-0.259,0.861,72782,38.83
Balaghat Mine,BAL-DH030,21.86948,80.22546,133.3,10.87,3.52,7.61,13.14,10.39,-0.372,0.195,37116,38.15
Balaghat Mine,BAL-DH031,21.88593,80.19208,147.6,6.47,3.8,5.13,10.73,11.84,-0.847,0.915,44076,32.44
Balaghat Mine,BAL-DH032,21.88303,80.19461,38.0,8.04,3.75,3.48,10.84,23.11,-0.309,0.372,35362,28.78
Balaghat Mine,BAL-DH033,21.86962,80.19118,49.7,5.53,4.39,5.77,9.85,24.15,-0.308,0.582,8027,30.62
Balaghat Mine,BAL-DH034,21.8785,80.20914,118.7,5.75,3.62,4.48,11.56,24.12,-0.545,0.175,42535,26.27
Balaghat Mine,BAL-DH035,21.88115,80.19316,190.9,8.94,4.11,2.92,4.23,10.78,-0.409,0.518,64932,42.15
Balaghat Mine,BAL-DH036,21.88099,80.18612,166.0,6.29,3.66,5.63,11.13,7.11,0.536,0.194,36485,35.33
Balaghat Mine,BAL-DH037,21.85829,80.2243,129.5,1.72,3.66,6.84,11.61,15.67,0.352,0.969,47895,33.45
Balaghat Mine,BAL-DH038,21.88013,80.21236,126.9,9.75,3.98,7.15,8.51,21.13,-0.383,0.318,50723,34.51
Balaghat Mine,BAL-DH039,21.88779,80.20246,151.8,4.03,3.48,3.3,7.04,12.16,0.122,0.222,23495,26.3
Balaghat Mine,BAL-DH040,21.85271,80.19678,134.6,5.48,3.62,4.15,9.55,24.19,0.402,0.854,59295,30.15
Balaghat Mine,BAL-DH041,21.86852,80.17669,95.6,8.96,4.3,7.51,11.1,14.96,0.133,0.631,22776,40.89
Balaghat Mine,BAL-DH042,21.85095,80.19321,162.5,5.36,3.57,4.44,9.91,9.42,-0.801,0.447,45814,30.48
Balaghat Mine,BAL-DH043,21.85086,80.20854,51.5,5.96,3.45,3.89,7.11,11.02,0.52,0.434,58385,37.4
Balaghat Mine,BAL-DH044,21.8536,80.17737,133.9,11.5,3.77,5.6,10.19,21.84,0.508,0.936,21357,40.48
Balaghat Mine,BAL-DH045,21.85052,80.18402,49.5,8.1,3.99,2.87,11.29,20.29,-0.548,0.634,58111,38.26
Balaghat Mine,BAL-DH046,21.89774,80.1818,29.0,4.41,4.11,7.54,10.79,14.54,-0.713,0.708,50025,34.77
Balaghat Mine,BAL-DH047,21.8546,80.21502,197.4,7.38,3.53,7.7,7.3,21.87,-0.079,0.426,41899,28.03
Balaghat Mine,BAL-DH048,21.89062,80.18168,220.0,7.75,4.27,5.96,10.97,15.27,0.888,0.338,62149,43.59
Balaghat Mine,BAL-DH049,21.87641,80.20057,112.7,8.73,3.68,6.87,4.82,22.78,0.737,0.315,39135,35.59
Balaghat Mine,BAL-DH050,21.85093,80.21895,60.9,3.38,4.24,3.64,10.66,23.73,-0.353,0.109,71520,26.74
Balaghat Mine,BAL-DH051,21.85378,80.2124,123.5,9.01,4.13,5.57,11.53,16.33,-0.683,0.295,54350,34.42
Balaghat Mine,BAL-DH052,21.87316,80.20295,110.7,8.88,3.75,5.93,6.39,12.15,-0.633,0.269,16010,35.59
Balaghat Mine,BAL-DH053,21.87629,80.21451,61.6,3.43,3.91,6.06,8.98,25.56,-0.341,0.188,21006,23.44
Balaghat Mine,BAL-DH054,21.85021,80.20311,79.8,11.24,3.98,5.89,12.25,9.4,0.034,0.868,46462,47.18
Balaghat Mine,BAL-DH055,21.87297,80.19842,61.4,1.73,4.39,4.51,7.81,22.62,-0.717,0.654,11592,26.63
Balaghat Mine,BAL-DH056,21.86469,80.2261,47.9,9.07,4.04,6.48,8.96,11.29,-0.039,0.49,65631,44.51
Balaghat Mine,BAL-DH057,21.899,80.19167,150.6,7.48,4.18,7.47,6.0,10.95,0.339,0.238,19646,37.88
Balaghat Mine,BAL-DH058,21.87203,80.20609,83.2,3.58,4.14,5.93,10.53,15.63,0.813,0.793,49879,37.31
Balaghat Mine,BAL-DH059,21.88256,80.22308,110.6,6.81,4.08,7.22,4.68,22.71,-0.551,0.371,58180,31.26
Balaghat Mine,BAL-DH060,21.85572,80.21083,166.7,10.91,3.93,4.61,4.38,8.53,-0.072,0.384,24775,40.92
Dongri Buzurg Mine,DON-DH001,21.55097,79.7123,174.0,7.12,4.4,7.8,6.56,19.77,-0.778,0.766,39524,30.31
Dongri Buzurg Mine,DON-DH002,21.55547,79.69347,137.3,6.26,3.5,3.69,10.37,13.33,0.694,0.39,54476,29.66
Dongri Buzurg Mine,DON-DH003,21.56081,79.71146,169.9,6.87,3.88,3.48,13.22,13.14,-0.122,0.553,74204,32.44
Dongri Buzurg Mine,DON-DH004,21.56706,79.67358,87.4,8.99,4.06,6.29,9.22,10.87,0.82,0.486,54783,41.15
Dongri Buzurg Mine,DON-DH005,21.55247,79.71286,132.5,3.66,3.57,4.97,4.89,17.49,0.936,0.903,38917,35.09
Dongri Buzurg Mine,DON-DH006,21.57132,79.70003,114.2,4.02,4.28,7.68,9.24,11.63,-0.16,0.911,42052,36.32
Dongri Buzurg Mine,DON-DH007,21.59037,79.7074,71.7,9.34,3.84,7.39,11.8,16.65,-0.341,0.363,47325,36.28
Dongri Buzurg Mine,DON-DH008,21.55383,79.69113,84.3,6.88,3.97,4.37,5.79,13.11,0.405,0.603,23649,36.61
Dongri Buzurg Mine,DON-DH009,21.58518,79.66638,157.3,8.46,4.25,3.93,11.8,19.61,0.915,0.536,10480,34.56
Dongri Buzurg Mine,DON-DH010,21.58989,79.70791,101.7,6.62,3.88,6.05,10.22,14.79,-0.572,0.513,72937,32.28
Dongri Buzurg Mine,DON-DH011,21.56333,79.69884,140.0,9.97,4.29,6.91,7.01,14.22,0.444,0.768,66450,45.82
Dongri Buzurg Mine,DON-DH012,21.57796,79.71025,203.5,8.89,3.86,2.12,12.29,19.04,-0.051,0.711,68529,35.31
Dongri Buzurg Mine,DON-DH013,21.5487,79.70401,74.9,5.06,3.55,4.85,11.53,17.75,-0.544,0.169,66346,24.13
Dongri Buzurg Mine,DON-DH014,21.59204,79.67136,105.5,3.82,3.67,1.56,12.56,22.29,0.37,0.239,37596,23.45
Dongri Buzurg Mine,DON-DH015,21.56368,79.69358,138.0,5.57,3.66,6.83,7.65,10.79,0.02,0.309,46319,25.41
Dongri Buzurg Mine,DON-DH016,21.56116,79.7131,141.5,4.03,3.99,5.82,4.47,21.15,0.242,0.537,68578,28.49
Dongri Buzurg Mine,DON-DH017,21.56071,79.70414,132.2,4.83,4.07,5.41,10.85,19.88,0.337,0.838,50093,35.02
Dongri Buzurg Mine,DON-DH018,21.56185,79.68624,127.2,8.74,3.49,3.36,5.67,21.2,-0.612,0.575,73090,30.35
Dongri Buzurg Mine,DON-DH019,21.57294,79.70987,173.0,3.85,4.27,4.54,11.09,22.32,-0.24,0.201,72514,29.6
Dongri Buzurg Mine,DON-DH020,21.58941,79.70041,200.3,11.16,4.24,3.8,4.13,22.02,0.116,0.5,53080,43.89
Dongri Buzurg Mine,DON-DH021,21.58002,79.69343,171.5,10.89,3.51,2.97,12.4,7.48,0.161,0.905,22832,42.58
Dongri Buzurg Mine,DON-DH022,21.59187,79.67931,95.9,2.64,4.39,3.42,4.92,16.36,0.747,0.219,38394,33.43
Dongri Buzurg Mine,DON-DH023,21.57992,79.70136,194.1,5.52,4.18,2.47,4.94,14.88,0.031,0.459,71752,36.11
Dongri Buzurg Mine,DON-DH024,21.56857,79.71173,177.6,2.22,4.12,4.93,7.41,25.58,-0.133,0.267,16185,20.8
Dongri Buzurg Mine,DON-DH025,21.5888,79.68694,142.4,7.81,4.03,1.63,6.31,21.95,-0.623,0.597,12597,29.61
Dongri Buzurg Mine,DON-DH026,21.5572,79.70768,81.3,2.72,4.35,1.52,5.37,23.31,-0.616,0.321,19691,22.34
Dongri Buzurg Mine,DON-DH027,21.57945,79.66549,24.0,9.34,3.65,3.54,4.5,10.31,0.485,0.563,57960,39.42
Dongri Buzurg Mine,DON-DH028,21.57206,79.66965,113.3,10.94,3.45,6.43,8.95,23.47,-0.026,0.948,12075,34.92
Dongri Buzurg Mine,DON-DH029,21.57035,79.68428,146.6,6.25,4.36,1.96,9.78,8.54,-0.732,0.342,50416,31.45
Dongri Buzurg Mine,DON-DH030,21.59613,79.69073,104.2,7.44,3.5,5.92,10.18,23.2,0.534,0.734,22407,30.91
Dongri Buzurg Mine,DON-DH031,21.56898,79.67562,83.2,5.87,3.84,2.1,10.32,15.11,-0.176,0.234,69840,34.27
Dongri Buzurg Mine,DON-DH032,21.55106,79.66903,156.3,9.56,3.98,5.19,7.13,17.67,-0.63,0.411,52578,35.5
Dongri Buzurg Mine,DON-DH033,21.58391,79.7076,153.0,11.17,4.03,3.72,6.02,17.98,0.332,0.297,15251,39.06
Dongri Buzurg Mine,DON-DH034,21.58453,79.69291,168.8,9.91,4.42,6.66,10.11,18.66,-0.803,0.918,63574,37.23
Dongri Buzurg Mine,DON-DH035,21.55977,79.67322,149.7,4.38,3.76,1.54,9.38,23.53,-0.129,0.225,50423,26.97
Dongri Buzurg Mine,DON-DH036,21.55716,79.68519,83.5,5.01,4.16,6.39,4.81,17.78,-0.755,0.239,49395,29.01
Dongri Buzurg Mine,DON-DH037,21.5801,79.67781,142.2,6.2,3.86,3.22,5.08,21.34,-0.076,0.349,53459,27.29
Dongri Buzurg Mine,DON-DH038,21.54867,79.68396,130.8,1.28,3.72,2.83,6.43,9.61,-0.259,0.107,58050,24.11
Dongri Buzurg Mine,DON-DH039,21.55518,79.68321,149.8,6.35,4.28,6.58,12.19,8.37,-0.774,0.116,69718,33.48
Dongri Buzurg Mine,DON-DH040,21.57507,79.69967,97.6,2.39,3.42,3.55,9.87,22.23,0.648,0.909,13905,23.18
Dongri Buzurg Mine,DON-DH041,21.58862,79.67637,128.9,6.6,3.82,3.45,7.16,13.45,-0.547,0.549,15640,25.48
Dongri Buzurg Mine,DON-DH042,21.56387,79.70057,170.9,9.59,3.65,2.42,9.72,10.75,0.518,0.677,19869,37.69
Dongri Buzurg Mine,DON-DH043,21.58504,79.68891,159.1,9.03,3.87,7.32,10.04,17.73,0.274,0.861,50024,38.48
Dongri Buzurg Mine,DON-DH044,21.56851,79.67934,71.4,1.78,3.93,3.46,4.54,15.59,0.647,0.168,65905,30.4
Dongri Buzurg Mine,DON-DH045,21.58916,79.69495,113.9,5.97,3.98,6.49,8.27,24.02,0.608,0.674,29542,31.43
Dongri Buzurg Mine,DON-DH046,21.54949,79.66938,185.6,4.74,4.15,4.68,6.35,10.28,-0.062,0.487,43024,32.55
Dongri Buzurg Mine,DON-DH047,21.55434,79.68284,72.9,5.41,3.76,5.27,10.15,22.0,-0.731,0.183,53451,23.72
Dongri Buzurg Mine,DON-DH048,21.57923,79.70952,180.8,4.63,4.01,2.39,13.19,13.65,0.407,0.445,47868,33.84
Dongri Buzurg Mine,DON-DH049,21.5933,79.67968,90.1,9.35,4.25,5.72,11.02,22.75,0.384,0.563,51284,37.3
Dongri Buzurg Mine,DON-DH050,21.56453,79.67321,60.4,10.96,3.91,2.93,4.73,9.61,0.67,0.189,59649,45.71
Dongri Buzurg Mine,DON-DH051,21.58816,79.70838,28.1,4.67,4.2,2.33,5.54,14.16,0.646,0.779,62206,40.61
Dongri Buzurg Mine,DON-DH052,21.56694,79.69802,64.7,5.78,3.7,6.22,9.07,15.53,-0.293,0.812,39424,33.14
Dongri Buzurg Mine,DON-DH053,21.58816,79.68259,194.3,11.34,3.88,3.28,9.01,14.26,0.889,0.819,61684,46.25
Dongri Buzurg Mine,DON-DH054,21.57846,79.70791,122.6,2.26,4.29,6.86,11.25,12.42,-0.359,0.897,17872,29.36
Dongri Buzurg Mine,DON-DH055,21.56827,79.71152,61.8,5.85,3.77,1.67,8.77,8.01,-0.426,0.975,33119,38.62
Dongri Buzurg Mine,DON-DH056,21.58836,79.6967,165.9,2.62,3.7,6.73,5.32,20.23,0.42,0.495,8352,24.79
Dongri Buzurg Mine,DON-DH057,21.55036,79.677,173.8,6.85,4.16,4.82,6.74,9.11,-0.308,0.142,36128,33.19
Dongri Buzurg Mine,DON-DH058,21.55194,79.70946,130.3,1.37,3.94,3.02,8.08,9.73,0.257,0.312,35910,24.9
Dongri Buzurg Mine,DON-DH059,21.57962,79.66848,199.4,1.9,3.95,4.7,9.26,25.78,-0.147,0.514,50590,22.96
Dongri Buzurg Mine,DON-DH060,21.54721,79.70363,84.3,8.75,4.06,6.36,7.16,20.97,-0.77,0.58,62505,34.14
Chikla Mine,CHI-DH001,21.53995,79.76626,112.4,8.36,4.06,6.61,11.37,8.2,-0.026,0.358,10935,33.81
Chikla Mine,CHI-DH002,21.57787,79.75307,213.9,6.79,3.67,6.25,7.39,10.63,0.556,0.862,30239,34.57
Chikla Mine,CHI-DH003,21.53742,79.7457,194.6,8.86,4.34,3.94,8.71,25.5,0.046,0.913,42791,36.02
Chikla Mine,CHI-DH004,21.53515,79.75742,181.6,6.82,3.74,2.0,6.91,19.56,0.235,0.475,54214,27.37
Chikla Mine,CHI-DH005,21.54878,79.72942,190.9,4.83,4.45,3.23,13.01,25.62,-0.715,0.661,32342,24.61
Chikla Mine,CHI-DH006,21.57884,79.73444,140.1,9.25,3.44,1.92,7.48,21.79,-0.161,0.599,48541,27.8
Chikla Mine,CHI-DH007,21.56515,79.77474,94.5,9.06,4.0,4.84,10.17,14.56,-0.401,0.2,57290,31.32
Chikla Mine,CHI-DH008,21.55928,79.74039,72.9,5.8,4.45,3.3,8.67,24.41,-0.629,0.85,38287,30.02
Chikla Mine,CHI-DH009,21.57613,79.74956,39.5,8.22,4.29,3.51,4.62,13.6,0.126,0.884,65041,41.4
Chikla Mine,CHI-DH010,21.56309,79.76698,120.9,2.45,3.61,2.37,4.25,22.02,0.147,0.425,61845,19.52
Chikla Mine,CHI-DH011,21.55878,79.7579,39.2,4.39,4.45,6.03,11.31,16.99,0.632,0.165,73149,32.62
Chikla Mine,CHI-DH012,21.56521,79.74453,192.4,9.24,4.07,2.65,8.11,25.36,0.789,0.149,16319,30.02
Chikla Mine,CHI-DH013,21.53885,79.73553,84.9,8.51,3.76,7.43,12.04,24.0,-0.399,0.659,44906,30.57
Chikla Mine,CHI-DH014,21.55787,79.75243,55.1,10.9,3.56,5.65,9.75,20.69,0.667,0.596,63291,40.12
Chikla Mine,CHI-DH015,21.53262,79.72957,146.6,7.14,4.08,6.33,10.07,14.92,0.046,0.652,27408,34.57
Chikla Mine,CHI-DH016,21.57143,79.76155,80.1,1.95,3.46,4.27,5.94,16.2,0.242,0.375,56130,23.35
Chikla Mine,CHI-DH017,21.56791,79.77034,211.2,2.55,3.79,5.04,8.43,13.06,-0.369,0.318,14486,19.36
Chikla Mine,CHI-DH018,21.56197,79.73971,189.9,2.84,3.74,5.14,11.25,12.94,0.047,0.553,41417,26.1
Chikla Mine,CHI-DH019,21.54663,79.72846,205.4,6.41,4.42,2.86,4.48,13.71,0.041,0.876,51835,34.59
Chikla Mine,CHI-DH020,21.57356,79.74885,193.3,8.69,4.2,3.81,9.42,14.61,-0.5,0.587,12927,31.91
Chikla Mine,CHI-DH021,21.55641,79.76552,76.6,11.39,4.11,2.25,7.74,25.53,0.581,0.398,70910,40.52
Chikla Mine,CHI-DH022,21.55666,79.7523,31.3,2.61,3.75,4.48,9.76,15.68,0.078,0.389,49076,24.35
Chikla Mine,CHI-DH023,21.53933,79.77683,165.6,4.28,3.75,6.72,10.73,17.11,-0.31,0.818,32680,22.68
Chikla Mine,CHI-DH024,21.56039,79.76714,162.9,8.29,3.43,4.49,11.44,25.37,0.547,0.608,56334,25.54
Chikla Mine,CHI-DH025,21.56038,79.73583,144.2,7.58,4.28,2.43,4.3,19.93,0.857,0.197,9269,33.42
Chikla Mine,CHI-DH026,21.56573,79.74782,172.5,10.68,4.32,6.14,5.31,8.18,-0.477,0.386,52369,40.68
Chikla Mine,CHI-DH027,21.55747,79.74299,56.0,10.59,3.76,3.73,10.85,21.67,0.308,0.71,48875,37.9
Chikla Mine,CHI-DH028,21.5591,79.73854,210.8,4.27,3.7,2.81,7.01,20.39,-0.222,0.922,61292,27.81
Chikla Mine,CHI-DH029,21.54487,79.73339,153.4,5.11,4.43,6.66,11.64,25.14,-0.327,0.353,55847,25.25
Chikla Mine,CHI-DH030,21.54402,79.75125,61.6,6.75,4.38,5.89,9.85,9.61,0.206,0.313,52879,38.7
Chikla Mine,CHI-DH031,21.55775,79.7592,32.7,5.46,4.15,2.13,4.05,21.64,0.141,0.918,35263,37.19
Chikla Mine,CHI-DH032,21.55507,79.73727,209.0,4.51,4.08,7.22,9.45,8.7,0.113,0.736,70757,31.74
Chikla Mine,CHI-DH033,21.57686,79.73605,193.2,3.01,4.37,7.78,8.71,14.54,0.836,0.947,70045,35.62
Chikla Mine,CHI-DH034,21.5596,79.73267,212.7,4.13,4.44,4.92,12.92,16.38,0.682,0.512,20918,29.49
Chikla Mine,CHI-DH035,21.53683,79.73542,111.3,3.85,3.6,6.14,9.39,22.02,0.513,0.254,65362,28.19
Chikla Mine,CHI-DH036,21.55696,79.73164,152.0,3.1,3.55,3.54,6.48,11.71,-0.426,0.763,71920,24.54
Chikla Mine,CHI-DH037,21.5463,79.76344,24.7,7.93,4.13,1.89,6.91,9.25,-0.12,0.542,67973,38.97
Chikla Mine,CHI-DH038,21.53707,79.77311,79.6,7.53,3.63,2.34,11.1,9.91,0.24,0.466,44799,32.16
Chikla Mine,CHI-DH039,21.55474,79.75418,151.0,3.45,3.66,6.25,4.78,23.59,-0.046,0.719,13233,21.58
Chikla Mine,CHI-DH040,21.55858,79.75257,133.3,2.74,3.74,4.78,5.95,9.21,0.2,0.18,42195,25.78
Chikla Mine,CHI-DH041,21.57163,79.74997,121.8,5.91,3.46,4.41,10.87,22.33,-0.137,0.818,57969,26.45
Chikla Mine,CHI-DH042,21.54843,79.73049,214.9,10.83,3.47,7.38,7.88,7.6,0.534,0.774,73548,41.36
Chikla Mine,CHI-DH043,21.56349,79.74832,214.6,5.14,4.31,7.21,10.49,14.14,0.341,0.575,51787,31.7
Chikla Mine,CHI-DH044,21.55806,79.75374,163.3,3.49,3.4,1.64,10.4,12.67,0.13,0.568,63165,26.67
Chikla Mine,CHI-DH045,21.54358,79.74461,75.8,10.86,4.16,2.21,7.98,22.38,0.529,0.878,9048,39.92
Chikla Mine,CHI-DH046,21.53288,79.75719,158.6,1.7,4.18,4.03,6.06,11.45,0.705,0.15,41761,28.72
Chikla Mine,CHI-DH047,21.54566,79.76809,164.0,4.48,4.03,5.74,6.87,13.09,-0.592,0.681,22810,26.4
Chikla Mine,CHI-DH048,21.57863,79.77129,198.9,7.65,3.85,4.62,12.95,25.47,0.358,0.792,29355,29.95
Chikla Mine,CHI-DH049,21.55202,79.73476,95.3,8.97,3.9,6.85,10.72,12.71,0.6,0.905,45680,42.59
Chikla Mine,CHI-DH050,21.5379,79.73944,61.8,7.86,4.37,6.84,10.88,8.76,-0.507,0.336,53136,35.32
Chikla Mine,CHI-DH051,21.56135,79.77098,58.9,9.05,4.16,5.02,12.26,16.11,-0.251,0.942,9027,39.82
Chikla Mine,CHI-DH052,21.53707,79.77728,115.2,3.7,4.03,2.79,9.24,24.39,0.546,0.435,43755,24.93
Chikla Mine,CHI-DH053,21.54916,79.74038,121.7,6.32,3.5,7.68,11.98,15.92,0.796,0.426,35733,28.8
Chikla Mine,CHI-DH054,21.5385,79.74034,203.4,7.17,3.84,2.46,7.61,13.27,0.65,0.539,51859,34.27
Chikla Mine,CHI-DH055,21.56544,79.74017,181.5,11.16,4.07,4.59,11.55,10.2,-0.545,0.734,40717,39.73
Chikla Mine,CHI-DH056,21.56329,79.73024,29.0,9.92,4.39,5.71,7.92,21.52,0.667,0.304,55380,39.7
Chikla Mine,CHI-DH057,21.53166,79.75259,94.7,7.56,4.1,5.38,8.63,16.18,-0.838,0.585,8794,27.28
Chikla Mine,CHI-DH058,21.58007,79.72816,179.8,8.14,4.25,7.23,4.91,9.03,-0.582,0.269,43273,33.42
Chikla Mine,CHI-DH059,21.57196,79.74067,99.3,5.04,3.83,5.06,6.15,25.81,0.381,0.846,51800,32.02
Chikla Mine,CHI-DH060,21.53588,79.74626,129.4,1.78,3.41,2.58,8.12,16.5,0.562,0.598,65483,22.77
Ukwa Mine,UKW-DH001,21.94857,80.47351,31.4,3.38,4.31,7.09,4.44,16.03,-0.716,0.915,68254,32.1
Ukwa Mine,UKW-DH002,21.99024,80.46282,213.2,7.25,4.19,5.99,4.73,14.57,-0.558,0.312,63922,32.03
Ukwa Mine,UKW-DH003,21.96326,80.49193,88.6,8.98,3.55,7.73,8.76,20.76,0.904,0.147,37285,34.54
Ukwa Mine,UKW-DH004,21.98225,80.49484,101.5,9.17,3.43,3.22,8.66,25.86,-0.21,0.928,36934,29.59
Ukwa Mine,UKW-DH005,21.97778,80.48013,40.0,7.57,4.24,5.99,5.47,8.56,0.431,0.658,57557,42.65
Ukwa Mine,UKW-DH006,21.94406,80.46251,94.2,3.98,3.54,2.68,9.27,15.53,-0.116,0.123,31712,23.87
Ukwa Mine,UKW-DH007,21.94845,80.477,87.2,5.17,3.71,3.94,12.56,8.61,0.779,0.961,46321,37.5
Ukwa Mine,UKW-DH008,21.95074,80.46216,120.5,1.85,3.86,4.15,4.73,16.2,-0.397,0.317,49877,24.79
Ukwa Mine,UKW-DH009,21.97349,80.45688,44.2,4.34,4.4,3.59,11.64,18.78,-0.257,0.395,62637,33.7
Ukwa Mine,UKW-DH010,21.95061,80.46313,210.4,3.27,3.73,7.58,6.77,25.41,0.401,0.532,46584,20.23
Ukwa Mine,UKW-DH011,21.95592,80.4659,184.5,5.25,3.52,5.05,9.18,18.25,0.377,0.584,71851,26.78
Ukwa Mine,UKW-DH012,21.96572,80.46167,160.0,9.64,4.24,4.08,10.02,16.49,-0.414,0.68,55921,37.83
Ukwa Mine,UKW-DH013,21.98325,80.4508,219.0,6.14,3.82,4.69,10.57,24.49,0.129,0.796,32088,29.37
Ukwa Mine,UKW-DH014,21.97571,80.45135,175.1,7.97,3.77,5.58,13.34,7.84,0.369,0.452,58430,34.59
Ukwa Mine,UKW-DH015,21.99209,80.46862,25.1,3.87,3.94,4.77,9.46,18.03,-0.048,0.444,59747,27.31
Ukwa Mine,UKW-DH016,21.96105,80.44833,43.7,5.48,4.41,2.23,5.35,24.87,-0.289,0.501,21860,28.53
Ukwa Mine,UKW-DH017,21.96795,80.47091,109.7,8.38,3.73,3.39,5.09,22.39,0.679,0.67,53368,39.41
Ukwa Mine,UKW-DH018,21.956,80.45582,54.7,6.97,4.41,2.96,5.75,14.7,0.303,0.48,9956,41.06
Ukwa Mine,UKW-DH019,21.97451,80.45697,140.1,5.21,4.14,2.8,11.68,21.29,-0.737,0.19,66423,25.75
Ukwa Mine,UKW-DH020,21.96668,80.46022,193.6,6.64,4.07,5.26,9.58,18.61,-0.224,0.844,49363,33.54
Ukwa Mine,UKW-DH021,21.98449,80.4824,81.8,7.53,3.49,2.34,6.9,9.24,-0.521,0.71,42225,31.93
Ukwa Mine,UKW-DH022,21.96299,80.45639,148.7,8.34,4.08,7.8,8.65,17.54,-0.597,0.377,38217,31.46
Ukwa Mine,UKW-DH023,21.94648,80.46505,24.9,2.61,4.26,7.57,8.7,16.6,0.382,0.466,64273,31.25
Ukwa Mine,UKW-DH024,21.94534,80.48515,80.8,4.03,3.96,2.56,11.05,15.69,0.529,0.584,15585,29.67
Ukwa Mine,UKW-DH025,21.94951,80.48586,185.8,4.98,4.26,1.76,9.19,20.66,0.932,0.19,63615,32.39
Ukwa Mine,UKW-DH026,21.99377,80.46959,91.9,9.61,3.86,7.76,6.25,21.74,0.609,0.617,31492,35.99
Ukwa Mine,UKW-DH027,21.97934,80.47874,55.8,2.63,3.62,2.8,7.33,8.13,-0.344,0.574,29685,25.91
Ukwa Mine,UKW-DH028,21.95717,80.49,217.9,8.2,3.5,7.57,12.73,21.93,0.936,0.863,16502,30.4
Ukwa Mine,UKW-DH029,21.9871,80.45958,163.7,9.73,4.2,5.76,9.49,16.3,-0.366,0.465,38283,32.58
Ukwa Mine,UKW-DH030,21.94845,80.47288,78.0,10.84,3.79,7.49,4.02,13.22,0.543,0.745,56972,41.47
Ukwa Mine,UKW-DH031,21.96672,80.48031,93.9,1.85,3.96,2.87,6.01,15.16,-0.367,0.829,30630,23.91
Ukwa Mine,UKW-DH032,21.96807,80.46429,158.0,1.7,3.5,6.44,5.18,15.73,0.694,0.488,8045,22.27
Ukwa Mine,UKW-DH033,21.9917,80.45722,159.2,2.56,4.08,2.5,6.6,24.72,0.328,0.32,32914,24.75
Ukwa Mine,UKW-DH034,21.96362,80.46238,161.3,3.61,4.09,5.93,8.53,7.02,-0.611,0.299,53559,27.17
Ukwa Mine,UKW-DH035,21.94426,80.48188,184.6,11.38,3.84,2.33,7.64,8.35,0.465,0.19,28995,40.22
Ukwa Mine,UKW-DH036,21.98247,80.48476,49.3,11.43,3.55,4.84,10.18,7.16,-0.058,0.736,50081,41.11
Ukwa Mine,UKW-DH037,21.95137,80.46769,158.8,10.06,3.49,2.13,9.6,21.3,-0.159,0.948,29072,33.86
Ukwa Mine,UKW-DH038,21.94801,80.47477,141.7,7.46,4.22,5.85,10.25,23.11,-0.307,0.556,42138,32.06
Ukwa Mine,UKW-DH039,21.98119,80.46188,33.8,10.45,4.4,4.62,8.75,9.14,0.219,0.565,73506,48.2
Ukwa Mine,UKW-DH040,21.9504,80.49014,135.4,4.96,4.12,6.31,11.32,25.13,-0.82,0.159,25566,20.23
Ukwa Mine,UKW-DH041,21.94579,80.45012,179.1,6.42,4.06,4.66,10.67,14.89,-0.702,0.572,49275,29.03
Ukwa Mine,UKW-DH042,21.96937,80.45726,182.8,6.72,3.81,5.5,10.47,22.86,-0.731,0.715,56907,28.42
Ukwa Mine,UKW-DH043,21.98612,80.45,40.1,5.68,3.88,5.34,11.05,12.88,0.483,0.205,55429,32.83
Ukwa Mine,UKW-DH044,21.99145,80.47325,177.9,8.62,3.58,2.3,6.55,21.84,0.746,0.779,9967,32.22
Ukwa Mine,UKW-DH045,21.98416,80.4607,35.6,8.54,4.01,1.99,7.42,15.65,0.049,0.599,32635,36.99
Ukwa Mine,UKW-DH046,21.9725,80.48324,68.2,6.44,3.45,6.94,8.48,11.65,-0.161,0.232,70388,31.51
Ukwa Mine,UKW-DH047,21.98667,80.47474,203.8,8.83,3.84,3.53,10.84,14.91,-0.362,0.169,32978,25.36
Ukwa Mine,UKW-DH048,21.95277,80.48732,217.1,11.03,3.47,4.43,12.03,12.36,-0.261,0.587,8534,31.95
Ukwa Mine,UKW-DH049,21.95383,80.47529,83.1,7.61,3.89,5.23,11.34,16.37,-0.498,0.892,58952,34.07
Ukwa Mine,UKW-DH050,21.9643,80.45875,91.5,9.85,4.32,7.49,10.24,7.03,0.678,0.74,14965,44.58
Ukwa Mine,UKW-DH051,21.97029,80.45901,120.3,1.82,4.45,5.98,12.75,8.77,0.765,0.557,54957,30.21
Ukwa Mine,UKW-DH052,21.94805,80.45188,49.4,9.65,3.48,5.08,13.16,15.26,-0.424,0.33,29106,34.13
Ukwa Mine,UKW-DH053,21.98384,80.48214,168.5,4.48,3.69,1.97,11.41,10.85,0.202,0.237,19013,23.93
Ukwa Mine,UKW-DH054,21.9706,80.49533,64.1,4.38,3.68,2.26,10.52,9.99,0.637,0.713,10702,31.96
Ukwa Mine,UKW-DH055,21.9856,80.46349,41.0,3.76,3.77,4.73,6.47,19.87,0.933,0.127,35094,25.8
Ukwa Mine,UKW-DH056,21.95629,80.4702,182.0,2.64,3.41,6.73,5.24,25.67,0.633,0.428,50230,23.54
Ukwa Mine,UKW-DH057,21.97603,80.47622,74.2,9.57,3.42,1.91,8.21,24.15,-0.618,0.896,63567,32.04
Ukwa Mine,UKW-DH058,21.96685,80.4555,136.5,9.66,3.81,1.69,5.64,19.98,-0.464,0.265,26750,31.11
Ukwa Mine,UKW-DH059,21.98797,80.44883,145.5,3.73,3.71,4.1,4.58,17.46,-0.346,0.221,21364,23.98
Ukwa Mine,UKW-DH060,21.97534,80.48721,180.2,11.39,4.22,3.76,8.6,17.35,0.793,0.542,34022,40.79
Tirodi Mine,TIR-DH001,21.66509,79.70334,63.4,10.43,4.22,1.87,9.03,25.84,0.53,0.98,73257,43.76
Tirodi Mine,TIR-DH002,21.66943,79.72821,195.5,1.78,4.45,2.88,11.58,23.08,-0.211,0.839,64630,25.89
Tirodi Mine,TIR-DH003,21.66491,79.71703,174.5,8.39,4.36,1.68,13.0,20.31,0.164,0.596,20612,35.66
Tirodi Mine,TIR-DH004,21.68071,79.70285,114.8,2.13,3.64,2.88,4.01,17.0,0.802,0.277,16743,22.94
Tirodi Mine,TIR-DH005,21.69195,79.73334,181.7,4.53,3.42,5.2,11.36,24.43,0.674,0.857,72357,23.32
Tirodi Mine,TIR-DH006,21.67588,79.69245,79.1,2.61,3.57,7.48,13.13,22.05,0.319,0.253,72906,24.78
Tirodi Mine,TIR-DH007,21.69078,79.73384,170.9,3.5,4.02,2.6,10.54,12.83,-0.621,0.741,71569,28.08
Tirodi Mine,TIR-DH008,21.70581,79.73566,28.1,7.4,4.37,7.6,9.37,11.2,0.836,0.224,57938,38.81
Tirodi Mine,TIR-DH009,21.668,79.73652,53.8,10.32,3.49,5.97,12.42,19.14,-0.046,0.333,24719,31.13
Tirodi Mine,TIR-DH010,21.6615,79.68746,95.0,8.75,4.42,7.07,7.6,16.37,0.133,0.189,40126,35.75
Tirodi Mine,TIR-DH011,21.6993,79.71995,152.0,2.88,3.48,6.83,7.03,12.6,0.863,0.165,19397,21.24
Tirodi Mine,TIR-DH012,21.68345,79.73231,39.6,7.32,4.04,4.54,12.95,7.59,-0.553,0.883,18526,35.11
Tirodi Mine,TIR-DH013,21.66116,79.69768,57.9,8.38,4.16,6.1,6.67,12.04,-0.422,0.144,46309,33.63
Tirodi Mine,TIR-DH014,21.67414,79.70878,77.7,8.02,4.03,2.76,5.62,7.49,-0.325,0.172,64533,33.92
Tirodi Mine,TIR-DH015,21.67152,79.70727,114.5,8.01,3.5,4.93,12.41,10.51,-0.185,0.492,25641,27.45
Tirodi Mine,TIR-DH016,21.66953,79.69048,164.3,8.07,3.49,3.67,13.22,17.29,0.212,0.587,64333,30.48
Tirodi Mine,TIR-DH017,21.69702,79.70833,123.3,10.13,3.9,7.05,4.75,16.05,0.775,0.729,41641,42.9
Tirodi Mine,TIR-DH018,21.68998,79.71841,44.8,9.0,3.58,7.7,11.68,25.47,-0.623,0.473,74215,26.09
Tirodi Mine,TIR-DH019,21.67787,79.73726,140.7,9.79,3.67,7.24,4.64,24.37,-0.151,0.45,29850,29.02
Tirodi Mine,TIR-DH020,21.69977,79.72673,139.9,6.58,3.84,4.11,9.59,9.82,0.515,0.927,69970,39.11
Tirodi Mine,TIR-DH021,21.68423,79.69245,76.1,6.72,3.76,4.09,8.61,14.28,0.246,0.133,26453,30.04
Tirodi Mine,TIR-DH022,21.69078,79.68934,190.3,4.61,3.65,6.2,12.52,24.5,-0.814,0.819,28305,20.35
Tirodi Mine,TIR-DH023,21.67012,79.71198,153.7,2.21,4.31,2.35,8.21,25.51,0.636,0.337,35924,23.05
Tirodi Mine,TIR-DH024,21.66667,79.7286,162.2,9.02,4.31,6.67,5.51,16.79,-0.29,0.546,17089,32.09
Tirodi Mine,TIR-DH025,21.69866,79.73137,27.5,3.19,4.27,6.77,8.34,11.74,0.802,0.72,26356,34.44
Tirodi Mine,TIR-DH026,21.68787,79.69359,27.8,5.04,4.02,2.62,9.58,23.54,-0.22,0.244,67931,24.27
Tirodi Mine,TIR-DH027,21.69355,79.72184,75.9,5.18,3.57,5.11,12.14,25.33,0.315,0.696,26029,23.87
Tirodi Mine,TIR-DH028,21.69512,79.72578,23.7,10.59,4.08,5.29,6.4,7.16,0.599,0.369,72791,45.25
Tirodi Mine,TIR-DH029,21.68824,79.70859,93.2,4.79,3.66,4.44,11.83,19.87,-0.135,0.19,42271,20.13
Tirodi Mine,TIR-DH030,21.67481,79.71977,137.2,4.27,3.51,1.9,10.09,25.78,0.701,0.33,55643,20.25
Tirodi Mine,TIR-DH031,21.70072,79.70234,50.4,9.08,4.34,6.57,9.7,22.24,0.339,0.699,56326,34.57
Tirodi Mine,TIR-DH032,21.66907,79.70833,95.5,1.56,4.14,5.1,10.9,10.61,-0.45,0.57,60588,19.8
Tirodi Mine,TIR-DH033,21.70143,79.72099,118.0,9.91,4.28,7.02,4.93,10.44,-0.62,0.328,62159,37.19
Tirodi Mine,TIR-DH034,21.69009,79.70418,38.9,4.86,4.18,3.43,7.15,21.97,-0.381,0.359,65031,26.38
Tirodi Mine,TIR-DH035,21.67963,79.73072,132.4,10.93,3.47,7.1,12.24,16.51,-0.163,0.363,11622,29.8
Tirodi Mine,TIR-DH036,21.66611,79.70786,129.7,10.54,3.88,3.49,11.4,20.6,0.028,0.655,19847,32.02
Tirodi Mine,TIR-DH037,21.68782,79.68764,73.8,9.04,3.58,6.32,11.25,16.3,-0.692,0.641,50444,25.95
Tirodi Mine,TIR-DH038,21.67527,79.68929,59.7,5.04,3.41,3.53,5.81,22.83,0.368,0.651,24671,28.12
Tirodi Mine,TIR-DH039,21.69078,79.70462,46.4,5.15,4.02,2.55,6.83,22.65,-0.327,0.74,47957,26.05
Tirodi Mine,TIR-DH040,21.70587,79.70454,192.5,4.9,3.6,7.47,7.83,24.45,-0.439,0.74,16791,23.25
Tirodi Mine,TIR-DH041,21.6928,79.71688,54.0,4.98,4.08,1.74,6.43,23.65,0.113,0.143,74644,26.59
Tirodi Mine,TIR-DH042,21.65709,79.72189,100.9,5.12,3.97,4.49,10.6,9.91,0.285,0.365,52332,28.66
Tirodi Mine,TIR-DH043,21.68922,79.7009,136.6,2.61,4.27,2.16,5.12,20.66,-0.645,0.194,21309,20.02
Tirodi Mine,TIR-DH044,21.68226,79.69748,155.1,4.24,3.44,4.63,12.86,10.95,-0.255,0.102,52999,22.65
Tirodi Mine,TIR-DH045,21.70144,79.72916,148.6,2.74,3.49,4.72,4.96,20.75,-0.389,0.303,74241,19.32
Tirodi Mine,TIR-DH046,21.66109,79.69614,29.5,4.19,4.24,3.47,4.9,21.03,0.515,0.14,65084,32.41
Tirodi Mine,TIR-DH047,21.68927,79.69593,89.6,5.71,4.05,7.03,11.74,8.77,-0.521,0.453,72475,30.61
Tirodi Mine,TIR-DH048,21.69863,79.72739,144.8,9.41,3.52,5.89,12.95,8.11,-0.563,0.466,47580,32.48
Tirodi Mine,TIR-DH049,21.69621,79.72132,56.3,5.11,3.78,1.68,11.97,20.0,0.902,0.215,69667,31.22
Tirodi Mine,TIR-DH050,21.6584,79.70048,81.5,8.46,4.11,6.34,9.37,17.96,0.91,0.689,30666,38.94
Tirodi Mine,TIR-DH051,21.68226,79.72243,40.0,8.02,3.66,3.68,7.66,19.85,0.66,0.591,74182,38.37
Tirodi Mine,TIR-DH052,21.66395,79.72984,183.2,10.15,3.48,4.6,13.22,11.58,-0.759,0.296,51102,29.11
Tirodi Mine,TIR-DH053,21.67626,79.69915,108.9,9.45,3.87,6.9,5.13,15.49,0.045,0.675,14877,32.38
Tirodi Mine,TIR-DH054,21.65611,79.69194,136.3,7.58,3.72,4.7,10.38,10.93,0.861,0.42,11636,33.77
Tirodi Mine,TIR-DH055,21.66725,79.71012,128.0,7.58,3.9,5.64,5.08,20.6,0.517,0.295,30871,33.1
Tirodi Mine,TIR-DH056,21.6707,79.7135,154.8,1.67,3.57,2.38,10.85,20.62,-0.657,0.638,20565,14.0
Tirodi Mine,TIR-DH057,21.70261,79.70704,108.5,9.25,4.15,2.18,12.8,14.87,0.657,0.618,59734,36.61
Tirodi Mine,TIR-DH058,21.70391,79.69413,116.4,6.66,3.45,7.39,8.59,22.94,0.065,0.911,19873,27.17
Tirodi Mine,TIR-DH059,21.68503,79.72392,46.3,5.19,4.03,7.06,7.65,16.58,0.913,0.906,59079,36.05
Tirodi Mine,TIR-DH060,21.70462,79.71004,47.2,5.45,4.14,6.22,10.66,12.68,0.699,0.726,70679,41.85
Kandri Mine,KAN-DH001,21.43783,79.25954,141.7,4.19,3.76,5.74,10.18,25.65,0.875,0.543,54519,26.56
Kandri Mine,KAN-DH002,21.42381,79.27352,131.4,8.07,3.84,6.21,6.72,22.99,0.675,0.811,43023,35.59
Kandri Mine,KAN-DH003,21.40746,79.25677,150.5,3.26,4.19,2.51,6.38,12.45,0.661,0.708,27774,31.45
Kandri Mine,KAN-DH004,21.4469,79.25462,188.3,8.82,4.31,6.18,6.26,17.66,0.562,0.803,27272,37.59
Kandri Mine,KAN-DH005,21.43942,79.29582,96.4,11.05,4.42,3.47,4.12,17.49,-0.398,0.646,60322,43.32
Kandri Mine,KAN-DH006,21.45177,79.28473,146.2,8.98,3.97,5.3,13.16,21.75,-0.32,0.256,53738,26.47
Kandri Mine,KAN-DH007,21.41555,79.25819,120.6,5.09,3.85,5.01,9.55,9.47,-0.391,0.391,55549,28.93
Kandri Mine,KAN-DH008,21.42233,79.25204,200.7,7.54,4.09,4.59,7.4,17.88,0.561,0.38,22737,32.71
Kandri Mine,KAN-DH009,21.41539,79.25291,118.9,5.48,3.96,2.08,6.03,11.2,-0.253,0.418,22636,28.57
Kandri Mine,KAN-DH010,21.45603,79.29068,210.0,1.29,4.1,4.31,9.83,24.19,0.268,0.944,53731,21.58
Kandri Mine,KAN-DH011,21.42225,79.2953,203.1,5.17,3.97,3.28,11.81,24.32,-0.175,0.806,37852,28.59
Kandri Mine,KAN-DH012,21.41583,79.27519,203.7,2.92,4.4,4.89,4.62,7.14,0.357,0.781,65952,35.95
Kandri Mine,KAN-DH013,21.42741,79.2547,125.1,8.44,4.43,6.38,12.93,19.28,0.494,0.235,38768,34.07
Kandri Mine,KAN-DH014,21.40891,79.28921,129.0,7.12,3.64,3.13,9.99,14.37,-0.071,0.115,53111,28.64
Kandri Mine,KAN-DH015,21.43294,79.28157,140.6,8.99,4.01,5.92,12.82,8.38,-0.659,0.792,28190,36.38
Kandri Mine,KAN-DH016,21.42808,79.26926,148.7,6.08,3.96,2.36,11.58,14.43,0.132,0.945,17653,32.55
Kandri Mine,KAN-DH017,21.44006,79.29521,174.4,8.71,3.79,7.48,9.27,17.52,-0.628,0.104,47976,22.52
Kandri Mine,KAN-DH018,21.42143,79.28691,195.1,4.74,3.83,5.57,5.53,16.74,-0.453,0.835,21020,24.22
Kandri Mine,KAN-DH019,21.41527,79.28948,185.3,9.97,4.38,7.76,9.22,15.76,-0.327,0.159,14580,31.78
Kandri Mine,KAN-DH020,21.42274,79.25591,147.7,2.23,4.05,7.17,8.28,13.04,0.259,0.369,47139,24.07
Kandri Mine,KAN-DH021,21.43448,79.26772,82.8,5.61,3.41,3.05,11.03,11.21,-0.065,0.839,16998,27.33
Kandri Mine,KAN-DH022,21.42934,79.26744,80.7,6.88,3.58,5.32,12.16,22.99,-0.598,0.574,25637,19.63
Kandri Mine,KAN-DH023,21.45052,79.25332,36.7,1.39,3.93,1.7,7.85,18.06,0.212,0.898,44957,20.49
Kandri Mine,KAN-DH024,21.42981,79.28826,92.2,3.5,4.21,6.12,8.41,12.53,0.069,0.449,41645,27.41
Kandri Mine,KAN-DH025,21.43933,79.2919,176.6,7.52,3.57,4.74,5.7,15.48,0.858,0.68,72838,36.0
Kandri Mine,KAN-DH026,21.42414,79.26044,115.6,1.85,3.79,1.77,12.62,10.93,-0.2,0.513,38461,20.55
Kandri Mine,KAN-DH027,21.40852,79.29853,84.3,8.45,3.95,6.73,6.5,22.86,0.13,0.253,51796,30.13
Kandri Mine,KAN-DH028,21.44797,79.27533,94.3,10.54,3.94,3.72,8.63,23.49,0.018,0.632,41623,37.09
Kandri Mine,KAN-DH029,21.41315,79.25778,37.0,7.83,3.62,2.68,10.81,13.88,-0.637,0.303,62349,29.03
Kandri Mine,KAN-DH030,21.43014,79.26004,53.1,9.78,3.42,1.77,5.53,17.9,0.283,0.134,46342,30.62
Kandri Mine,KAN-DH031,21.409,79.26241,56.7,11.07,4.03,5.05,10.84,7.35,0.341,0.349,13745,34.22
Kandri Mine,KAN-DH032,21.44957,79.25803,181.1,7.39,4.23,6.67,10.27,10.46,-0.374,0.737,30959,34.81
Kandri Mine,KAN-DH033,21.42887,79.27903,66.2,5.17,3.51,2.77,8.79,23.33,-0.094,0.232,14452,18.4
Kandri Mine,KAN-DH034,21.40815,79.28869,118.6,2.41,3.91,2.32,11.86,18.47,0.765,0.782,51499,28.58
Kandri Mine,KAN-DH035,21.4323,79.26802,30.6,6.66,3.64,6.55,7.62,22.0,0.21,0.752,59023,31.6
Kandri Mine,KAN-DH036,21.41289,79.27336,66.7,10.05,3.7,7.02,5.8,14.76,0.426,0.795,46725,38.93
Kandri Mine,KAN-DH037,21.41209,79.24986,147.5,8.28,3.73,3.78,10.19,9.94,-0.393,0.852,36379,31.96
Kandri Mine,KAN-DH038,21.44023,79.28725,101.3,9.27,3.91,3.83,6.41,17.54,-0.298,0.403,55268,34.69
Kandri Mine,KAN-DH039,21.44299,79.29225,148.4,8.9,3.87,5.91,6.04,10.07,-0.129,0.398,44889,33.69
Kandri Mine,KAN-DH040,21.41424,79.29773,23.3,2.14,3.55,7.33,4.61,15.27,-0.451,0.17,10530,16.1
Kandri Mine,KAN-DH041,21.42542,79.29872,139.7,6.57,4.15,5.26,11.79,24.97,0.303,0.486,21514,26.03
Kandri Mine,KAN-DH042,21.4205,79.25118,137.0,6.51,3.64,2.57,6.27,7.69,-0.849,0.239,74787,25.83
Kandri Mine,KAN-DH043,21.44518,79.26716,97.9,7.24,3.94,6.14,4.86,8.3,-0.338,0.83,69306,34.43
Kandri Mine,KAN-DH044,21.42003,79.27982,59.5,10.78,4.0,3.14,5.01,14.74,-0.72,0.359,71450,40.96
Kandri Mine,KAN-DH045,21.44635,79.29734,189.9,9.58,4.0,5.87,9.35,25.36,0.536,0.767,72403,34.62
Kandri Mine,KAN-DH046,21.43554,79.25087,44.5,1.9,4.07,7.76,6.18,19.86,-0.282,0.941,42606,26.77
Kandri Mine,KAN-DH047,21.40669,79.29111,69.8,2.16,4.11,6.67,12.85,8.44,0.008,0.411,67919,27.95
Kandri Mine,KAN-DH048,21.44036,79.295,117.7,3.26,4.17,7.0,5.93,10.93,-0.401,0.644,18452,31.48
Kandri Mine,KAN-DH049,21.41153,79.29551,151.6,8.03,4.04,6.31,4.4,17.29,0.018,0.646,40987,38.04
Kandri Mine,KAN-DH050,21.44964,79.27404,210.6,10.63,3.69,2.9,4.51,17.96,0.589,0.521,44231,36.27
Kandri Mine,KAN-DH051,21.43132,79.26919,153.6,3.0,4.43,5.9,10.55,15.74,-0.829,0.285,46928,21.84
Kandri Mine,KAN-DH052,21.41919,79.27693,67.6,6.05,4.04,3.81,6.0,16.48,0.411,0.428,65240,36.58
Kandri Mine,KAN-DH053,21.42018,79.25849,47.3,7.13,3.64,2.13,6.24,12.13,-0.072,0.435,17772,31.38
Kandri Mine,KAN-DH054,21.44648,79.25833,117.8,11.45,4.29,4.76,11.46,20.69,-0.31,0.595,46045,36.76
Kandri Mine,KAN-DH055,21.42612,79.28403,33.7,9.58,3.9,5.47,7.18,15.55,-0.2,0.593,70434,37.8
Kandri Mine,KAN-DH056,21.41226,79.29287,206.5,3.25,4.0,5.59,11.41,10.32,-0.211,0.692,40662,26.45
Kandri Mine,KAN-DH057,21.44303,79.29398,95.2,4.15,4.06,2.41,11.67,10.18,-0.243,0.656,46300,29.81
Kandri Mine,KAN-DH058,21.4143,79.26091,82.9,4.2,3.68,5.56,8.23,12.15,0.703,0.42,47324,29.74
Kandri Mine,KAN-DH059,21.45448,79.2702,57.4,1.44,4.16,5.67,10.66,24.87,-0.706,0.247,14902,19.56
Kandri Mine,KAN-DH060,21.43362,79.25082,98.2,9.08,3.49,3.15,10.22,9.95,0.744,0.372,24576,36.35
Munsar Mine,MUN-DH001,21.39111,79.29962,46.3,9.84,3.43,5.68,7.09,23.35,0.007,0.958,44219,32.73
Munsar Mine,MUN-DH002,21.42538,79.30318,54.9,7.36,4.06,5.51,8.97,17.72,0.301,0.373,31260,33.55
Munsar Mine,MUN-DH003,21.40388,79.30854,104.4,4.97,3.67,3.41,11.75,7.0,0.676,0.403,39436,34.32
Munsar Mine,MUN-DH004,21.42425,79.29215,23.5,5.63,3.71,2.96,7.55,7.14,-0.109,0.593,34448,31.09
Munsar Mine,MUN-DH005,21.38506,79.30516,94.6,5.1,3.68,4.16,11.26,11.55,0.788,0.811,53871,32.11
Munsar Mine,MUN-DH006,21.41734,79.28895,181.4,3.08,3.7,5.51,6.59,18.74,0.271,0.265,9299,22.51
Munsar Mine,MUN-DH007,21.37938,79.29505,56.5,2.25,3.68,6.01,6.21,20.82,-0.579,0.534,30908,17.46
Munsar Mine,MUN-DH008,21.4268,79.29148,169.8,4.6,4.29,7.5,11.37,8.06,-0.722,0.514,20877,28.66
Munsar Mine,MUN-DH009,21.41898,79.30916,176.7,2.46,4.21,3.07,8.21,21.65,0.478,0.129,38876,22.57
Munsar Mine,MUN-DH010,21.42601,79.29194,149.2,4.41,3.74,5.46,12.91,7.8,0.088,0.323,50781,24.1
Munsar Mine,MUN-DH011,21.38684,79.31268,183.3,3.44,3.52,5.49,5.59,13.17,-0.353,0.205,60873,21.67
Munsar Mine,MUN-DH012,21.41607,79.29206,133.3,5.03,3.49,2.49,9.88,8.74,0.826,0.977,49884,33.05
Munsar Mine,MUN-DH013,21.37989,79.30053,152.9,9.35,3.53,2.97,11.49,25.65,0.512,0.809,37394,31.46
Munsar Mine,MUN-DH014,21.39481,79.27504,189.8,6.2,3.86,3.36,5.8,20.24,-0.514,0.406,57071,27.55
Munsar Mine,MUN-DH015,21.39067,79.30987,192.8,6.91,3.47,2.48,6.5,12.62,-0.189,0.101,50748,24.35
Munsar Mine,MUN-DH016,21.37784,79.31114,166.9,3.66,4.16,5.65,7.68,17.24,0.093,0.538,44948,27.21
Munsar Mine,MUN-DH017,21.40755,79.28443,141.6,2.34,3.95,1.92,5.23,22.87,0.722,0.278,40520,25.28
Munsar Mine,MUN-DH018,21.41871,79.3012,120.1,8.42,3.67,3.81,4.67,18.51,0.824,0.284,40924,34.24
Munsar Mine,MUN-DH019,21.42139,79.2723,171.6,1.83,3.99,7.41,7.51,14.9,0.425,0.825,25810,25.98
Munsar Mine,MUN-DH020,21.3921,79.31553,201.4,2.2,4.16,4.85,9.0,10.6,-0.402,0.65,19986,22.81
Munsar Mine,MUN-DH021,21.41436,79.28906,41.5,7.78,3.78,4.39,12.39,19.64,-0.55,0.259,34904,24.83
Munsar Mine,MUN-DH022,21.42682,79.29045,87.7,4.45,4.44,3.55,11.26,14.06,-0.075,0.739,48764,32.13
Munsar Mine,MUN-DH023,21.40506,79.279,165.0,10.74,3.67,7.56,7.77,15.5,0.457,0.965,47916,32.61
Munsar Mine,MUN-DH024,21.39199,79.28332,63.3,10.01,3.42,6.68,6.62,20.1,0.147,0.59,70037,33.55
Munsar Mine,MUN-DH025,21.38464,79.27019,88.3,2.63,3.79,5.17,11.71,11.43,-0.685,0.452,69498,22.34
Munsar Mine,MUN-DH026,21.41655,79.27695,176.2,8.3,4.01,7.22,6.85,18.31,0.465,0.607,13258,29.04
Munsar Mine,MUN-DH027,21.3797,79.30685,86.8,9.62,3.84,6.97,6.15,23.53,0.325,0.63,8766,32.32
Munsar Mine,MUN-DH028,21.39214,79.27036,122.7,2.74,3.93,2.89,10.95,7.96,-0.143,0.492,47874,23.78
Munsar Mine,MUN-DH029,21.40214,79.2794,76.0,5.26,3.54,2.02,4.47,17.86,-0.131,0.175,41622,24.0
Munsar Mine,MUN-DH030,21.38364,79.29626,113.0,7.92,3.61,5.38,6.34,20.98,-0.721,0.784,29669,25.34
Munsar Mine,MUN-DH031,21.42311,79.27278,147.4,5.56,3.77,3.52,4.23,18.28,-0.301,0.969,49287,30.57
Munsar Mine,MUN-DH032,21.38419,79.27054,174.8,3.26,3.79,6.27,5.07,23.2,-0.752,0.935,70091,22.23
Munsar Mine,MUN-DH033,21.42034,79.30931,24.3,8.35,3.52,4.34,5.99,7.43,0.118,0.279,43059,33.58
Munsar Mine,MUN-DH034,21.4134,79.27537,152.5,1.39,4.01,5.68,5.62,7.83,-0.339,0.794,49404,27.89
Munsar Mine,MUN-DH035,21.37955,79.30104,23.3,5.2,3.68,6.87,12.21,19.54,-0.816,0.863,51511,24.84
Munsar Mine,MUN-DH036,21.42573,79.27328,80.8,10.13,3.96,2.67,8.35,16.51,0.817,0.119,24575,37.3
Munsar Mine,MUN-DH037,21.40337,79.28498,95.3,2.82,3.76,3.72,6.24,18.88,0.911,0.541,62397,25.55
Munsar Mine,MUN-DH038,21.42142,79.30904,27.3,6.92,3.69,2.46,10.24,24.05,-0.692,0.436,72361,22.83
Munsar Mine,MUN-DH039,21.40752,79.29958,64.3,3.68,3.56,7.61,7.13,24.28,0.126,0.282,17285,16.21
Munsar Mine,MUN-DH040,21.42003,79.28375,153.6,6.6,3.54,7.77,5.38,25.54,0.829,0.907,29272,28.44
Munsar Mine,MUN-DH041,21.40477,79.31573,43.9,4.47,4.32,6.08,12.36,21.54,-0.105,0.462,37681,29.83
Munsar Mine,MUN-DH042,21.42356,79.28199,167.5,2.3,3.59,6.3,6.54,18.63,0.171,0.303,23556,17.08
Munsar Mine,MUN-DH043,21.41127,79.28626,150.5,6.11,3.93,5.31,7.55,20.53,0.684,0.532,17213,28.78
Munsar Mine,MUN-DH044,21.41513,79.26905,72.2,5.45,4.18,7.73,4.63,21.4,0.819,0.967,66098,36.98
Munsar Mine,MUN-DH045,21.4014,79.28454,107.3,3.74,3.83,1.76,7.61,20.97,-0.287,0.638,57745,22.15
Munsar Mine,MUN-DH046,21.42069,79.30765,119.1,5.85,4.27,1.77,8.93,25.92,-0.138,0.747,45366,26.82
Munsar Mine,MUN-DH047,21.40271,79.29983,31.0,4.2,3.82,3.42,8.38,22.72,-0.09,0.64,11655,22.11
Munsar Mine,MUN-DH048,21.41839,79.29088,156.9,2.37,4.22,7.41,5.29,20.23,-0.106,0.497,19985,21.92
Munsar Mine,MUN-DH049,21.40642,79.30393,59.5,5.88,3.66,5.86,11.57,24.24,0.443,0.209,15649,21.46
Munsar Mine,MUN-DH050,21.40309,79.2875,169.7,6.47,4.4,3.89,11.3,14.23,0.792,0.598,52189,36.23
Munsar Mine,MUN-DH051,21.3844,79.31174,55.2,8.53,3.84,3.45,8.24,21.6,0.278,0.203,16815,29.75
Munsar Mine,MUN-DH052,21.38956,79.29123,181.8,6.8,3.41,7.06,9.59,11.52,0.006,0.461,13320,27.56
Munsar Mine,MUN-DH053,21.40691,79.28054,124.1,7.58,3.99,6.7,5.41,7.93,0.326,0.132,65207,33.41
Munsar Mine,MUN-DH054,21.39182,79.31432,30.9,5.49,3.59,5.73,10.57,18.61,0.221,0.793,19887,24.08
Munsar Mine,MUN-DH055,21.39967,79.29725,196.0,2.16,3.71,3.82,4.64,14.2,-0.081,0.584,27620,23.18
Munsar Mine,MUN-DH056,21.39062,79.29465,119.9,8.37,4.04,2.19,9.98,20.86,0.927,0.526,54140,37.69
Munsar Mine,MUN-DH057,21.42359,79.31761,75.5,7.47,3.73,4.81,7.36,25.91,-0.617,0.595,42820,23.84
Munsar Mine,MUN-DH058,21.3859,79.29877,154.3,11.29,3.4,1.65,5.12,18.88,0.677,0.804,74932,37.4
Munsar Mine,MUN-DH059,21.3976,79.28499,126.6,7.77,3.41,2.77,11.51,12.35,-0.296,0.546,29703,29.64
Munsar Mine,MUN-DH060,21.39397,79.30452,137.0,1.5,3.58,3.58,10.39,13.42,0.799,0.802,51259,25.87
Gumgaon Mine,GUM-DH001,21.39017,78.99056,203.8,6.73,3.75,6.44,11.05,14.87,0.653,0.363,56573,29.37
Gumgaon Mine,GUM-DH002,21.37651,78.99347,185.1,10.35,3.77,7.61,4.3,12.33,0.921,0.651,64441,43.52
Gumgaon Mine,GUM-DH003,21.39465,78.97868,143.8,10.11,4.19,5.94,4.3,12.98,-0.105,0.537,23922,32.21
Gumgaon Mine,GUM-DH004,21.37691,78.97432,46.2,9.28,4.22,7.25,4.24,15.43,0.019,0.54,20744,37.91
Gumgaon Mine,GUM-DH005,21.41228,78.99582,129.3,9.19,3.55,6.99,12.91,22.62,0.368,0.217,56546,26.09
Gumgaon Mine,GUM-DH006,21.39222,78.95941,211.9,8.28,4.02,2.05,4.44,15.87,0.087,0.68,28936,33.56
Gumgaon Mine,GUM-DH007,21.39498,78.97481,203.8,4.51,3.6,3.24,8.19,13.06,-0.638,0.231,26334,22.02
Gumgaon Mine,GUM-DH008,21.3918,78.96953,94.3,4.48,3.55,5.94,6.33,12.38,-0.722,0.64,30696,23.79
Gumgaon Mine,GUM-DH009,21.38828,78.9657,118.6,8.16,3.51,1.84,5.7,15.1,0.223,0.622,64024,32.62
Gumgaon Mine,GUM-DH010,21.38172,79.00007,167.6,8.11,3.96,7.63,8.42,21.36,-0.613,0.815,69619,28.07
Gumgaon Mine,GUM-DH011,21.38951,78.98198,161.8,8.52,3.89,2.96,12.18,11.25,0.26,0.903,34269,34.37
Gumgaon Mine,GUM-DH012,21.40554,79.00332,115.1,1.51,3.9,3.71,5.62,15.76,0.532,0.632,16535,21.8
Gumgaon Mine,GUM-DH013,21.37125,79.00008,184.5,4.56,4.08,6.49,7.81,17.12,-0.106,0.646,44713,28.79
Gumgaon Mine,GUM-DH014,21.38314,78.9999,142.9,9.28,3.86,6.46,6.24,17.35,0.343,0.169,70368,33.97
Gumgaon Mine,GUM-DH015,21.39481,78.98353,143.2,5.97,3.98,6.68,13.08,10.35,-0.725,0.196,62542,26.32
Gumgaon Mine,GUM-DH016,21.39081,78.99221,41.8,9.62,4.33,7.19,4.0,19.09,-0.586,0.231,43594,31.98
Gumgaon Mine,GUM-DH017,21.3856,78.9881,63.0,8.22,3.73,5.09,6.89,24.35,0.848,0.483,73833,34.4
Gumgaon Mine,GUM-DH018,21.36651,79.00852,105.2,2.51,3.71,3.83,4.5,17.43,0.416,0.822,32069,26.76
Gumgaon Mine,GUM-DH019,21.40916,79.00248,71.0,8.43,3.81,3.5,7.62,14.27,0.131,0.683,39816,35.29
Gumgaon Mine,GUM-DH020,21.41232,79.0012,54.7,11.47,4.1,2.35,4.15,8.36,0.448,0.528,37261,45.61
Gumgaon Mine,GUM-DH021,21.41561,78.96343,153.3,5.48,3.88,6.47,8.04,18.48,-0.526,0.548,44987,23.22
Gumgaon Mine,GUM-DH022,21.37539,78.98943,140.3,9.92,3.65,4.66,9.19,14.81,-0.189,0.961,46066,35.37
Gumgaon Mine,GUM-DH023,21.40134,78.96486,120.8,8.31,3.55,6.11,13.34,25.69,0.552,0.509,13242,27.09
Gumgaon Mine,GUM-DH024,21.38972,78.99628,217.6,2.0,4.07,6.53,4.5,12.94,-0.232,0.785,39414,24.21
Gumgaon Mine,GUM-DH025,21.39173,78.98266,171.8,5.54,4.41,6.53,4.34,12.49,0.811,0.759,56707,37.35
Gumgaon Mine,GUM-DH026,21.38976,78.96765,33.9,11.4,4.25,5.43,4.78,12.45,0.06,0.849,26616,42.79
Gumgaon Mine,GUM-DH027,21.37273,78.97325,196.9,1.35,3.52,2.6,5.44,18.24,-0.046,0.811,25504,18.43
Gumgaon Mine,GUM-DH028,21.40607,79.0023,92.8,2.07,3.55,7.38,8.71,9.93,0.938,0.778,23942,25.63
Gumgaon Mine,GUM-DH029,21.38811,78.99108,66.1,8.76,3.76,5.55,5.1,21.35,-0.548,0.451,28192,28.26
Gumgaon Mine,GUM-DH030,21.39273,78.97819,166.1,6.09,3.55,6.98,12.81,7.23,-0.042,0.697,72438,27.61
Gumgaon Mine,GUM-DH031,21.40024,78.96125,209.0,7.77,4.4,4.22,12.15,24.44,-0.247,0.335,14585,24.69
Gumgaon Mine,GUM-DH032,21.40476,78.99665,171.9,7.26,3.6,3.63,5.71,20.12,0.136,0.692,63723,28.71
Gumgaon Mine,GUM-DH033,21.3667,78.96408,44.5,5.79,3.63,3.28,4.23,10.67,-0.685,0.926,51993,32.99
Gumgaon Mine,GUM-DH034,21.398,78.9946,47.7,10.02,3.54,5.64,9.38,24.1,0.891,0.888,54609,33.47
Gumgaon Mine,GUM-DH035,21.37877,78.98255,212.7,7.78,4.37,3.24,12.58,15.11,0.536,0.385,18852,35.09
Gumgaon Mine,GUM-DH036,21.38524,78.97583,35.6,11.04,3.68,4.28,12.82,16.34,0.249,0.257,40968,36.02
Gumgaon Mine,GUM-DH037,21.37329,78.99764,67.6,7.83,4.36,6.01,4.69,8.96,0.178,0.321,37874,38.25
Gumgaon Mine,GUM-DH038,21.39812,79.00584,157.8,3.94,4.14,7.2,8.9,17.92,0.842,0.532,37216,28.62
Gumgaon Mine,GUM-DH039,21.4083,78.99825,182.2,6.76,3.4,7.51,8.58,22.54,0.171,0.923,32048,25.52
Gumgaon Mine,GUM-DH040,21.39771,79.00714,41.8,6.71,4.41,2.01,11.28,15.73,0.316,0.255,10635,29.73
Gumgaon Mine,GUM-DH041,21.38531,78.96875,164.1,10.43,4.06,3.76,10.01,8.61,0.474,0.223,20937,36.15
Gumgaon Mine,GUM-DH042,21.39056,78.96235,132.7,4.37,3.96,6.76,13.46,15.54,-0.783,0.149,60781,19.02
Gumgaon Mine,GUM-DH043,21.36824,78.96511,186.6,8.07,3.88,5.77,5.42,23.61,0.193,0.914,10471,31.72
Gumgaon Mine,GUM-DH044,21.38966,79.0051,32.8,8.42,3.54,2.59,6.92,7.95,0.579,0.501,19436,37.52
Gumgaon Mine,GUM-DH045,21.39565,79.00009,45.0,6.32,4.24,2.89,8.05,22.28,0.611,0.964,53453,33.88
Gumgaon Mine,GUM-DH046,21.3949,78.96607,192.5,9.37,4.2,5.24,5.15,13.37,-0.596,0.465,54652,38.39
Gumgaon Mine,GUM-DH047,21.39377,78.98113,210.6,1.62,3.5,6.84,11.39,18.64,-0.822,0.529,8425,14.0
Gumgaon Mine,GUM-DH048,21.39869,79.00355,107.6,9.52,4.21,5.86,10.08,10.92,0.092,0.463,70852,39.7
Gumgaon Mine,GUM-DH049,21.39663,78.96108,59.9,6.35,4.4,5.45,7.3,21.87,-0.842,0.307,15873,24.41
Gumgaon Mine,GUM-DH050,21.3842,78.99726,132.6,3.46,4.21,5.65,5.84,12.25,0.584,0.703,72894,33.67
Gumgaon Mine,GUM-DH051,21.38982,78.96802,158.9,1.64,4.08,3.3,7.18,15.26,0.599,0.767,10902,25.23
Gumgaon Mine,GUM-DH052,21.37489,78.99847,121.5,2.4,4.34,6.04,7.1,18.26,-0.492,0.696,29821,19.67
Gumgaon Mine,GUM-DH053,21.40505,78.97551,43.3,8.8,4.31,3.87,8.47,11.19,0.022,0.884,17711,40.41
Gumgaon Mine,GUM-DH054,21.38547,78.96602,169.0,7.71,4.42,2.77,10.58,9.42,-0.743,0.22,65061,30.93
Gumgaon Mine,GUM-DH055,21.38903,78.96776,92.9,10.33,4.03,6.47,9.81,19.12,-0.544,0.954,65285,39.58
Gumgaon Mine,GUM-DH056,21.39056,79.00898,143.1,9.82,3.69,6.1,6.34,20.99,-0.261,0.61,67752,34.49
Gumgaon Mine,GUM-DH057,21.39569,78.96665,139.4,1.25,4.43,1.75,11.3,15.94,-0.789,0.567,40111,21.96
Gumgaon Mine,GUM-DH058,21.38872,78.97123,136.4,1.33,4.17,7.48,6.81,9.52,0.316,0.18,40145,21.87
Gumgaon Mine,GUM-DH059,21.38134,78.99437,196.9,8.9,3.43,4.37,12.3,21.66,-0.12,0.795,32818,24.39
Gumgaon Mine,GUM-DH060,21.40912,78.96273,204.1,4.63,3.43,4.18,12.99,12.13,0.126,0.799,60775,26.85
Sitapatore Mine,SIT-DH001,21.52225,79.76004,157.5,1.76,4.39,5.75,5.05,23.87,-0.192,0.645,32493,22.73
Sitapatore Mine,SIT-DH002,21.52155,79.75147,59.4,11.31,3.65,2.22,12.92,16.09,0.194,0.944,22056,38.2
Sitapatore Mine,SIT-DH003,21.55545,79.72727,86.7,3.95,4.11,3.25,7.28,8.2,0.025,0.563,16222,27.59
Sitapatore Mine,SIT-DH004,21.54484,79.73061,136.3,9.44,4.39,6.6,4.62,24.88,0.755,0.503,13371,32.24
Sitapatore Mine,SIT-DH005,21.5631,79.73042,198.4,2.33,3.69,5.89,12.31,16.43,0.087,0.652,27642,21.79
Sitapatore Mine,SIT-DH006,21.5248,79.73334,103.6,7.84,3.71,1.9,6.21,23.56,0.855,0.667,35583,31.45
Sitapatore Mine,SIT-DH007,21.53534,79.7483,81.8,7.31,4.13,6.8,6.89,15.46,-0.612,0.795,19506,29.77
Sitapatore Mine,SIT-DH008,21.56674,79.75449,30.2,4.84,3.88,2.55,10.76,24.56,-0.337,0.956,64235,28.73
Sitapatore Mine,SIT-DH009,21.55284,79.74932,49.9,3.65,3.44,3.49,6.47,9.4,-0.518,0.595,10324,21.16
Sitapatore Mine,SIT-DH010,21.53685,79.74299,51.6,4.31,4.37,4.05,5.38,16.49,-0.026,0.382,8288,28.47
Sitapatore Mine,SIT-DH011,21.55512,79.76478,82.8,8.47,3.9,3.33,13.32,24.94,0.183,0.229,45871,29.26
Sitapatore Mine,SIT-DH012,21.55266,79.75258,187.9,2.64,3.98,3.44,11.99,14.63,-0.047,0.181,11687,17.24
Sitapatore Mine,SIT-DH013,21.55027,79.74517,62.6,10.84,3.69,1.64,8.23,17.23,0.359,0.177,42290,34.5
Sitapatore Mine,SIT-DH014,21.54845,79.76317,189.5,4.92,3.56,6.88,7.54,14.02,-0.338,0.409,73494,25.62
Sitapatore Mine,SIT-DH015,21.56192,79.72038,156.1,5.78,4.44,6.56,11.65,12.48,0.897,0.473,68061,37.33
Sitapatore Mine,SIT-DH016,21.5225,79.72639,109.3,10.14,4.44,1.92,11.18,25.24,-0.691,0.46,69266,34.02
Sitapatore Mine,SIT-DH017,21.53893,79.74379,152.8,8.98,3.54,2.67,9.26,14.25,-0.774,0.827,63917,29.08
Sitapatore Mine,SIT-DH018,21.54137,79.71734,22.0,3.91,4.4,6.76,10.21,15.98,0.757,0.467,40956,34.01
Sitapatore Mine,SIT-DH019,21.55259,79.72824,43.6,4.06,4.44,1.92,9.52,21.17,0.168,0.864,50076,27.83
Sitapatore Mine,SIT-DH020,21.52418,79.74163,127.9,9.91,3.57,1.87,12.34,13.07,-0.606,0.244,26269,27.13
Sitapatore Mine,SIT-DH021,21.53918,79.76161,87.3,4.19,3.96,7.4,11.28,16.76,-0.52,0.183,58426,18.67
Sitapatore Mine,SIT-DH022,21.55954,79.75025,77.2,8.26,4.12,2.1,11.82,18.02,-0.827,0.556,32992,26.96
Sitapatore Mine,SIT-DH023,21.54244,79.73302,189.9,2.25,3.56,2.89,12.52,10.58,0.254,0.832,43219,20.93
Sitapatore Mine,SIT-DH024,21.55602,79.7217,106.6,1.99,4.26,7.32,6.96,16.11,-0.197,0.819,67612,26.64
Sitapatore Mine,SIT-DH025,21.54808,79.75418,84.7,8.51,3.43,6.63,12.14,11.22,-0.594,0.299,16398,25.42
Sitapatore Mine,SIT-DH026,21.55274,79.7552,35.9,9.18,4.2,1.77,11.53,9.05,0.074,0.152,15968,34.42
Sitapatore Mine,SIT-DH027,21.53085,79.71931,144.9,8.97,4.22,7.3,12.56,10.9,-0.517,0.409,14082,32.55
Sitapatore Mine,SIT-DH028,21.56564,79.73339,51.2,6.36,4.16,3.02,4.94,17.83,0.191,0.112,22539,24.99
Sitapatore Mine,SIT-DH029,21.52778,79.73009,188.2,6.73,4.42,2.12,8.79,11.07,0.424,0.422,47488,29.79
Sitapatore Mine,SIT-DH030,21.52724,79.73374,91.7,3.41,3.64,2.21,5.17,25.71,-0.651,0.22,59072,19.13
Sitapatore Mine,SIT-DH031,21.55344,79.74386,29.0,4.58,3.52,3.29,6.96,18.41,0.907,0.491,45112,27.57
Sitapatore Mine,SIT-DH032,21.52764,79.71948,177.0,6.1,4.11,2.63,8.67,25.98,-0.661,0.485,52123,26.42
Sitapatore Mine,SIT-DH033,21.52245,79.72317,95.6,7.28,3.51,7.33,4.61,25.58,0.905,0.398,47862,30.16
Sitapatore Mine,SIT-DH034,21.56011,79.75226,73.0,8.55,4.01,3.22,10.12,22.0,-0.13,0.519,48412,30.52
Sitapatore Mine,SIT-DH035,21.53842,79.74023,73.1,9.11,3.51,3.08,9.97,16.45,-0.608,0.188,11541,26.79
Sitapatore Mine,SIT-DH036,21.5668,79.73513,147.1,2.77,4.05,2.11,11.14,8.45,0.532,0.798,21529,29.29
Sitapatore Mine,SIT-DH037,21.5513,79.74051,69.9,4.74,4.3,4.94,4.3,25.1,-0.075,0.905,33703,27.83
Sitapatore Mine,SIT-DH038,21.54118,79.71764,124.4,10.06,3.72,5.95,5.28,16.34,0.438,0.529,15329,35.3
Sitapatore Mine,SIT-DH039,21.55195,79.749,148.2,7.09,3.9,6.88,7.72,16.63,0.04,0.954,49335,29.03
Sitapatore Mine,SIT-DH040,21.53422,79.71741,29.8,9.82,3.77,6.17,12.47,7.51,-0.236,0.186,31125,36.56
Sitapatore Mine,SIT-DH041,21.53607,79.73356,143.8,3.75,4.08,5.23,4.62,24.3,-0.301,0.397,9321,18.75
Sitapatore Mine,SIT-DH042,21.56137,79.7444,188.2,3.95,4.13,5.2,7.59,25.73,-0.147,0.604,62158,25.28
Sitapatore Mine,SIT-DH043,21.5232,79.74976,83.6,6.38,4.2,3.64,7.45,18.68,-0.065,0.537,64771,32.2
Sitapatore Mine,SIT-DH044,21.54499,79.73037,30.3,11.46,3.82,2.92,4.87,21.11,0.67,0.183,30568,32.77
Sitapatore Mine,SIT-DH045,21.52156,79.75606,109.4,3.36,4.24,5.6,11.64,12.74,-0.071,0.575,21405,23.29
Sitapatore Mine,SIT-DH046,21.54086,79.75417,54.9,1.39,4.14,6.94,6.02,17.96,0.882,0.753,39309,29.9
Sitapatore Mine,SIT-DH047,21.56506,79.74264,135.1,9.12,3.86,5.07,8.96,18.91,-0.194,0.23,18082,26.55
Sitapatore Mine,SIT-DH048,21.53997,79.73193,175.0,1.86,3.61,4.1,10.14,22.65,-0.388,0.629,35193,14.11
Sitapatore Mine,SIT-DH049,21.52388,79.7256,66.9,9.72,3.89,5.03,10.15,15.29,-0.783,0.24,17141,27.48
Sitapatore Mine,SIT-DH050,21.55113,79.7248,179.1,11.13,3.91,1.63,4.8,23.33,0.233,0.863,68339,40.84
Sitapatore Mine,SIT-DH051,21.53855,79.73417,143.1,2.13,4.39,6.06,5.06,9.67,0.472,0.921,42971,34.05
Sitapatore Mine,SIT-DH052,21.56478,79.72859,185.1,3.65,3.53,6.58,9.55,13.26,-0.148,0.759,23808,17.72
Sitapatore Mine,SIT-DH053,21.53934,79.72321,53.9,11.19,3.86,3.1,8.66,18.2,-0.176,0.935,29205,33.81
Sitapatore Mine,SIT-DH054,21.56637,79.75997,194.7,4.94,4.15,6.67,13.18,7.4,0.24,0.84,52369,33.18
Sitapatore Mine,SIT-DH055,21.56524,79.75053,167.3,3.67,3.98,3.45,7.45,25.21,0.612,0.207,66086,25.08
Sitapatore Mine,SIT-DH056,21.56369,79.73565,202.3,3.83,3.49,6.68,6.0,11.47,0.752,0.906,50301,27.57
Sitapatore Mine,SIT-DH057,21.56217,79.75434,96.6,1.55,4.31,6.69,8.48,24.87,-0.107,0.84,56065,26.03
Sitapatore Mine,SIT-DH058,21.55942,79.75092,115.1,4.82,4.03,6.62,8.31,21.02,-0.801,0.146,50987,18.25
Sitapatore Mine,SIT-DH059,21.54971,79.75555,46.7,5.33,4.06,3.48,5.5,8.56,0.079,0.953,63652,36.39
Sitapatore Mine,SIT-DH060,21.55249,79.75563,80.6,6.13,4.17,3.14,11.85,20.06,0.589,0.275,35771,25.47
Beldongri Mine,BEL-DH001,21.34619,79.31292,191.6,10.31,3.64,7.47,10.15,24.54,0.278,0.898,73267,34.04
Beldongri Mine,BEL-DH002,21.34554,79.28915,98.5,3.88,3.49,3.82,5.11,25.0,0.443,0.483,69639,26.21
Beldongri Mine,BEL-DH003,21.35979,79.30278,42.4,8.55,3.6,6.93,6.74,21.86,0.04,0.215,65375,24.07
Beldongri Mine,BEL-DH004,21.35125,79.30296,96.6,5.41,3.55,3.33,9.87,11.97,0.783,0.425,53846,25.8
Beldongri Mine,BEL-DH005,21.36001,79.26962,45.1,4.53,4.13,5.83,10.73,20.55,0.475,0.325,14384,26.63
Beldongri Mine,BEL-DH006,21.34884,79.31451,201.0,10.88,4.42,5.27,4.43,21.22,-0.393,0.645,28268,34.35
Beldongri Mine,BEL-DH007,21.35683,79.28765,195.8,6.96,4.01,3.14,12.84,16.57,0.73,0.216,29260,26.81
Beldongri Mine,BEL-DH008,21.34294,79.27131,44.1,10.18,4.28,6.21,6.69,24.6,0.728,0.639,59025,39.02
Beldongri Mine,BEL-DH009,21.35029,79.28475,182.2,4.45,4.44,6.31,12.1,9.87,0.333,0.802,11566,30.47
Beldongri Mine,BEL-DH010,21.33889,79.28211,148.5,5.7,4.44,7.34,7.39,7.78,0.426,0.527,41030,35.42
Beldongri Mine,BEL-DH011,21.37939,79.31244,43.3,2.16,4.31,2.64,8.83,10.2,-0.359,0.884,47240,23.71
Beldongri Mine,BEL-DH012,21.3634,79.29764,96.2,1.99,4.21,5.76,4.25,23.86,0.376,0.699,34409,21.82
Beldongri Mine,BEL-DH013,21.36662,79.31666,172.2,2.78,3.49,6.73,8.31,19.53,0.869,0.623,8389,23.37
Beldongri Mine,BEL-DH014,21.38464,79.28535,153.1,8.76,4.41,5.09,4.46,11.02,0.309,0.384,11721,34.6
Beldongri Mine,BEL-DH015,21.34064,79.3167,89.9,5.31,3.59,7.58,4.85,23.44,0.684,0.243,60226,25.27
Beldongri Mine,BEL-DH016,21.3698,79.27513,109.6,5.65,4.25,3.45,5.25,20.01,0.348,0.832,42348,34.76
Beldongri Mine,BEL-DH017,21.36158,79.31337,107.0,7.0,3.84,6.27,9.83,22.41,-0.069,0.475,10709,22.84
Beldongri Mine,BEL-DH018,21.34831,79.30341,49.0,6.3,4.06,4.81,8.15,12.52,0.783,0.52,17957,34.63
Beldongri Mine,BEL-DH019,21.34349,79.31425,173.0,6.59,3.71,1.8,4.43,8.45,-0.656,0.474,14330,23.76
Beldongri Mine,BEL-DH020,21.34977,79.28184,35.8,6.39,3.52,5.67,5.73,10.41,-0.143,0.173,66743,26.4
Beldongri Mine,BEL-DH021,21.35198,79.29846,103.2,8.1,4.06,3.17,12.28,25.37,-0.513,0.263,58051,22.24
Beldongri Mine,BEL-DH022,21.34242,79.29582,22.1,2.4,3.58,4.51,12.25,20.14,0.888,0.63,40610,21.64
Beldongri Mine,BEL-DH023,21.36802,79.3178,86.1,8.14,4.12,3.99,5.19,12.75,-0.825,0.198,9064,30.47
Beldongri Mine,BEL-DH024,21.34756,79.30153,138.3,5.69,4.06,6.48,6.86,10.63,-0.016,0.517,9462,27.0
Beldongri Mine,BEL-DH025,21.34541,79.27672,147.9,11.13,3.9,6.92,5.91,18.12,0.175,0.834,11412,37.58
Beldongri Mine,BEL-DH026,21.37275,79.31807,174.3,8.79,4.03,4.99,8.63,12.52,0.025,0.62,48970,33.7
Beldongri Mine,BEL-DH027,21.37103,79.30993,109.1,8.56,3.95,4.16,4.6,13.0,0.757,0.467,39714,31.79
Beldongri Mine,BEL-DH028,21.35444,79.30398,24.8,4.17,3.6,3.67,6.09,11.41,0.786,0.398,48341,29.62
Beldongri Mine,BEL-DH029,21.37922,79.30195,44.7,4.22,4.15,7.55,10.39,22.83,0.472,0.8,61584,30.97
Beldongri Mine,BEL-DH030,21.35122,79.30656,141.5,2.53,3.61,5.32,7.95,8.92,0.939,0.367,22032,22.55
Beldongri Mine,BEL-DH031,21.33945,79.27001,180.1,4.88,3.57,6.72,4.3,23.99,-0.735,0.479,49377,19.44
Beldongri Mine,BEL-DH032,21.34999,79.28612,85.2,1.68,4.32,3.19,10.56,9.87,0.078,0.689,55329,28.6
Beldongri Mine,BEL-DH033,21.38343,79.29099,103.6,9.87,3.52,2.17,11.43,18.6,0.855,0.825,10812,35.06
Beldongri Mine,BEL-DH034,21.38064,79.31465,49.4,4.21,3.86,4.69,4.94,20.92,0.315,0.394,17231,25.62
Beldongri Mine,BEL-DH035,21.37953,79.29106,96.1,9.12,3.66,6.6,8.8,13.49,-0.697,0.428,58575,27.47
Beldongri Mine,BEL-DH036,21.34468,79.30678,97.2,3.55,4.24,4.1,8.36,14.78,0.684,0.799,32239,32.54
Beldongri Mine,BEL-DH037,21.33859,79.27638,22.8,9.5,4.39,2.03,13.33,12.98,-0.554,0.154,58866,31.96
Beldongri Mine,BEL-DH038,21.38223,79.27199,135.1,8.55,4.09,4.77,7.82,12.62,0.376,0.587,28390,32.13
Beldongri Mine,BEL-DH039,21.37423,79.31456,22.4,4.08,3.95,7.3,8.24,20.31,-0.481,0.579,60819,22.86
Beldongri Mine,BEL-DH040,21.38148,79.30818,94.1,3.23,3.72,1.73,10.89,13.36,0.482,0.211,74459,23.01
Beldongri Mine,BEL-DH041,21.3513,79.27374,120.7,6.57,4.19,2.51,11.57,7.53,0.217,0.312,59869,32.0
Beldongri Mine,BEL-DH042,21.34262,79.2721,88.4,7.66,3.77,1.8,5.19,19.37,-0.314,0.748,38361,23.53
Beldongri Mine,BEL-DH043,21.38625,79.30937,199.6,7.03,4.34,5.45,9.66,17.13,-0.219,0.35,60581,28.32
Beldongri Mine,BEL-DH044,21.37282,79.29508,65.7,4.58,4.01,6.68,4.93,13.86,0.431,0.829,13490,27.4
Beldongri Mine,BEL-DH045,21.34021,79.31353,107.0,5.8,3.79,4.82,8.93,18.18,-0.139,0.332,41421,22.49
Beldongri Mine,BEL-DH046,21.38365,79.29358,196.8,9.69,3.55,2.3,5.23,20.51,0.418,0.86,15910,31.86
Beldongri Mine,BEL-DH047,21.34773,79.29277,155.8,10.92,3.79,7.5,7.88,18.43,-0.632,0.603,10699,29.69
Beldongri Mine,BEL-DH048,21.38665,79.28426,108.8,9.35,3.55,5.21,12.5,7.92,0.75,0.29,62881,36.73
Beldongri Mine,BEL-DH049,21.36154,79.27522,84.0,10.17,3.84,5.11,12.55,17.75,0.556,0.518,56242,32.93
Beldongri Mine,BEL-DH050,21.36234,79.29215,102.3,5.83,4.31,3.55,10.31,22.2,-0.113,0.305,34492,23.41
Beldongri Mine,BEL-DH051,21.36415,79.317,181.7,8.78,4.08,6.96,9.43,20.44,0.583,0.723,45590,35.42
Beldongri Mine,BEL-DH052,21.34672,79.30004,125.2,1.74,4.0,2.69,12.52,16.04,-0.633,0.924,20043,20.77
Beldongri Mine,BEL-DH053,21.33805,79.30844,65.3,8.47,4.33,4.3,9.77,22.33,-0.127,0.14,65752,32.78
Beldongri Mine,BEL-DH054,21.35785,79.31208,78.3,3.85,3.52,2.13,5.37,10.19,-0.39,0.179,28555,21.25
Beldongri Mine,BEL-DH055,21.35746,79.27756,132.0,4.55,3.43,1.87,7.04,14.41,-0.107,0.385,33159,21.97
Beldongri Mine,BEL-DH056,21.34723,79.30671,126.8,6.28,4.19,3.93,4.58,9.19,-0.013,0.458,40439,31.14
Beldongri Mine,BEL-DH057,21.35747,79.28079,181.0,3.97,4.41,5.75,9.27,11.68,0.563,0.368,35252,31.14
Beldongri Mine,BEL-DH058,21.34727,79.3175,88.4,11.35,4.22,4.89,12.66,15.05,-0.037,0.101,39132,35.6
Beldongri Mine,BEL-DH059,21.37857,79.28356,196.6,1.21,4.38,4.54,11.98,18.36,-0.166,0.409,50358,17.89
Beldongri Mine,BEL-DH060,21.33937,79.30606,122.7,4.3,3.82,2.27,9.29,9.65,-0.347,0.48,48900,23.93
